{
  "50 Sites" : {
    "transaction" : "50 Sites",
    "sampleCount" : 10,
    "errorCount" : 0,
    "errorPct" : 0.0,
    "meanResTime" : 5.1,
    "minResTime" : 4.0,
    "maxResTime" : 7.0,
    "pct1ResTime" : 6.9,
    "pct2ResTime" : 7.0,
    "pct3ResTime" : 7.0,
    "throughput" : 2.2207417277370642,
    "receivedKBytesPerSec" : 0.832778147901399,
    "sentKBytesPerSec" : 0.6549453142349545
  },
  "40 Login" : {
    "transaction" : "40 Login",
    "sampleCount" : 50,
    "errorCount" : 0,
    "errorPct" : 0.0,
    "meanResTime" : 4.959999999999999,
    "minResTime" : 3.0,
    "maxResTime" : 10.0,
    "pct1ResTime" : 7.0,
    "pct2ResTime" : 8.0,
    "pct3ResTime" : 10.0,
    "throughput" : 0.5125997006417748,
    "receivedKBytesPerSec" : 0.19222488774066557,
    "sentKBytesPerSec" : 0.15117686483771092
  },
  "31 Launchutilidex" : {
    "transaction" : "31 Launchutilidex",
    "sampleCount" : 50,
    "errorCount" : 0,
    "errorPct" : 0.0,
    "meanResTime" : 511.18000000000006,
    "minResTime" : 311.0,
    "maxResTime" : 1253.0,
    "pct1ResTime" : 687.5,
    "pct2ResTime" : 711.55,
    "pct3ResTime" : 1253.0,
    "throughput" : 0.509741153442282,
    "receivedKBytesPerSec" : 1.1653359767659983,
    "sentKBytesPerSec" : 0.18468160930379554
  },
  "28 Launchutilidex" : {
    "transaction" : "28 Launchutilidex",
    "sampleCount" : 50,
    "errorCount" : 0,
    "errorPct" : 0.0,
    "meanResTime" : 4.9,
    "minResTime" : 3.0,
    "maxResTime" : 12.0,
    "pct1ResTime" : 6.899999999999999,
    "pct2ResTime" : 7.0,
    "pct3ResTime" : 12.0,
    "throughput" : 0.5131468215685872,
    "receivedKBytesPerSec" : 0.1924300580882202,
    "sentKBytesPerSec" : 0.1488326230526078
  },
  "35 Launchutilidex" : {
    "transaction" : "35 Launchutilidex",
    "sampleCount" : 50,
    "errorCount" : 0,
    "errorPct" : 0.0,
    "meanResTime" : 5.140000000000001,
    "minResTime" : 3.0,
    "maxResTime" : 13.0,
    "pct1ResTime" : 7.899999999999999,
    "pct2ResTime" : 8.449999999999996,
    "pct3ResTime" : 13.0,
    "throughput" : 0.5124525981346726,
    "receivedKBytesPerSec" : 0.19216972430050222,
    "sentKBytesPerSec" : 0.15113348109049915
  },
  "45 Login" : {
    "transaction" : "45 Login",
    "sampleCount" : 50,
    "errorCount" : 0,
    "errorPct" : 0.0,
    "meanResTime" : 19.519999999999992,
    "minResTime" : 11.0,
    "maxResTime" : 65.0,
    "pct1ResTime" : 37.699999999999996,
    "pct2ResTime" : 47.34999999999999,
    "pct3ResTime" : 65.0,
    "throughput" : 0.5131257568604914,
    "receivedKBytesPerSec" : 0.14732321534861764,
    "sentKBytesPerSec" : 0.19091886070688205
  },
  "49 Sites" : {
    "transaction" : "49 Sites",
    "sampleCount" : 10,
    "errorCount" : 0,
    "errorPct" : 0.0,
    "meanResTime" : 9.2,
    "minResTime" : 7.0,
    "maxResTime" : 19.0,
    "pct1ResTime" : 18.200000000000003,
    "pct2ResTime" : 19.0,
    "pct3ResTime" : 19.0,
    "throughput" : 2.2192632046160674,
    "receivedKBytesPerSec" : 0.8322237017310252,
    "sentKBytesPerSec" : 0.6436730193075898
  },
  "39 Login" : {
    "transaction" : "39 Login",
    "sampleCount" : 50,
    "errorCount" : 0,
    "errorPct" : 0.0,
    "meanResTime" : 5.459999999999999,
    "minResTime" : 3.0,
    "maxResTime" : 12.0,
    "pct1ResTime" : 8.899999999999999,
    "pct2ResTime" : 11.0,
    "pct3ResTime" : 12.0,
    "throughput" : 0.5125891905191503,
    "receivedKBytesPerSec" : 0.19222094644468138,
    "sentKBytesPerSec" : 0.14867088826580827
  },
  "42 Login" : {
    "transaction" : "42 Login",
    "sampleCount" : 50,
    "errorCount" : 0,
    "errorPct" : 0.0,
    "meanResTime" : 87.92000000000002,
    "minResTime" : 72.0,
    "maxResTime" : 139.0,
    "pct1ResTime" : 116.69999999999999,
    "pct2ResTime" : 130.79999999999998,
    "pct3ResTime" : 139.0,
    "throughput" : 0.5123265774535319,
    "receivedKBytesPerSec" : 0.3507235652294199,
    "sentKBytesPerSec" : 0.19312310439166344
  },
  "44 Login" : {
    "transaction" : "44 Login",
    "sampleCount" : 50,
    "errorCount" : 0,
    "errorPct" : 0.0,
    "meanResTime" : 88.6,
    "minResTime" : 70.0,
    "maxResTime" : 148.0,
    "pct1ResTime" : 117.8,
    "pct2ResTime" : 136.35,
    "pct3ResTime" : 148.0,
    "throughput" : 0.5125629170980738,
    "receivedKBytesPerSec" : 0.35088535633373996,
    "sentKBytesPerSec" : 0.19321219335923484
  },
  "30 Launchutilidex" : {
    "transaction" : "30 Launchutilidex",
    "sampleCount" : 50,
    "errorCount" : 0,
    "errorPct" : 0.0,
    "meanResTime" : 4.8,
    "minResTime" : 3.0,
    "maxResTime" : 8.0,
    "pct1ResTime" : 6.0,
    "pct2ResTime" : 7.0,
    "pct3ResTime" : 8.0,
    "throughput" : 0.5131889561736632,
    "receivedKBytesPerSec" : 0.19244585856512367,
    "sentKBytesPerSec" : 0.15135064918402955
  },
  "34 Launchutilidex" : {
    "transaction" : "34 Launchutilidex",
    "sampleCount" : 50,
    "errorCount" : 0,
    "errorPct" : 0.0,
    "meanResTime" : 5.26,
    "minResTime" : 3.0,
    "maxResTime" : 10.0,
    "pct1ResTime" : 8.0,
    "pct2ResTime" : 8.449999999999996,
    "pct3ResTime" : 10.0,
    "throughput" : 0.5124263387138099,
    "receivedKBytesPerSec" : 0.1921598770176787,
    "sentKBytesPerSec" : 0.15112573661286188
  },
  "29 Launchutilidex" : {
    "transaction" : "29 Launchutilidex",
    "sampleCount" : 50,
    "errorCount" : 0,
    "errorPct" : 0.0,
    "meanResTime" : 4.680000000000001,
    "minResTime" : 3.0,
    "maxResTime" : 10.0,
    "pct1ResTime" : 5.0,
    "pct2ResTime" : 8.0,
    "pct3ResTime" : 10.0,
    "throughput" : 0.5131994909061051,
    "receivedKBytesPerSec" : 0.1924498090897894,
    "sentKBytesPerSec" : 0.15135375610707394
  },
  "37 Login" : {
    "transaction" : "37 Login",
    "sampleCount" : 50,
    "errorCount" : 0,
    "errorPct" : 0.0,
    "meanResTime" : 5.040000000000003,
    "minResTime" : 3.0,
    "maxResTime" : 14.0,
    "pct1ResTime" : 7.0,
    "pct2ResTime" : 10.449999999999996,
    "pct3ResTime" : 14.0,
    "throughput" : 0.5125471543381992,
    "receivedKBytesPerSec" : 0.19220518287682464,
    "sentKBytesPerSec" : 0.15116136778333605
  },
  "47 Login" : {
    "transaction" : "47 Login",
    "sampleCount" : 50,
    "errorCount" : 0,
    "errorPct" : 0.0,
    "meanResTime" : 8.220000000000002,
    "minResTime" : 5.0,
    "maxResTime" : 27.0,
    "pct1ResTime" : 11.899999999999999,
    "pct2ResTime" : 18.499999999999957,
    "pct3ResTime" : 27.0,
    "throughput" : 0.5132627083846596,
    "receivedKBytesPerSec" : 0.4004451591627659,
    "sentKBytesPerSec" : 0.1904685831896198
  },
  "25 Launchutilidex" : {
    "transaction" : "25 Launchutilidex",
    "sampleCount" : 50,
    "errorCount" : 0,
    "errorPct" : 0.0,
    "meanResTime" : 15.66,
    "minResTime" : 7.0,
    "maxResTime" : 155.0,
    "pct1ResTime" : 17.699999999999996,
    "pct2ResTime" : 74.59999999999997,
    "pct3ResTime" : 155.0,
    "throughput" : 0.5122793356761575,
    "receivedKBytesPerSec" : 0.19210475087855908,
    "sentKBytesPerSec" : 0.14858101825763553
  },
  "46 Login" : {
    "transaction" : "46 Login",
    "sampleCount" : 50,
    "errorCount" : 0,
    "errorPct" : 0.0,
    "meanResTime" : 9.359999999999994,
    "minResTime" : 5.0,
    "maxResTime" : 24.0,
    "pct1ResTime" : 15.899999999999999,
    "pct2ResTime" : 19.89999999999999,
    "pct3ResTime" : 24.0,
    "throughput" : 0.5132047584345202,
    "receivedKBytesPerSec" : 0.4003999468833075,
    "sentKBytesPerSec" : 0.19044707832531022
  },
  "33 Launchutilidex" : {
    "transaction" : "33 Launchutilidex",
    "sampleCount" : 50,
    "errorCount" : 0,
    "errorPct" : 0.0,
    "meanResTime" : 5.580000000000001,
    "minResTime" : 3.0,
    "maxResTime" : 11.0,
    "pct1ResTime" : 8.899999999999999,
    "pct2ResTime" : 11.0,
    "pct3ResTime" : 11.0,
    "throughput" : 0.5123790785374651,
    "receivedKBytesPerSec" : 0.19214215445154942,
    "sentKBytesPerSec" : 0.14860994758362026
  },
  "51 Sites" : {
    "transaction" : "51 Sites",
    "sampleCount" : 10,
    "errorCount" : 0,
    "errorPct" : 0.0,